date,department,day_index,occupancy,er_wait_min,satisfaction,cost_per_discharge,staff_ratio,admissions,readmission_rate,licensed_beds
2026-05-18,Emergency,0,0.8337,50.2,3.72,2168.49,3.67,5,0.1255,40
2026-05-19,Emergency,1,0.8178,47.7,3.69,2084.72,3.57,4,0.1188,40
2026-05-20,Emergency,2,0.8397,51.2,3.72,2189.65,3.65,6,0.1272,40
2026-05-21,Emergency,3,0.8326,50.1,3.71,2149.34,3.6,5,0.1239,40
2026-05-22,Emergency,4,0.8033,45.5,3.66,1998.54,3.43,3,0.1119,40
2026-05-23,Emergency,5,0.9083,55.1,3.7,2218.91,3.63,7,0.1295,40
2026-05-24,Emergency,6,0.8985,53.6,3.68,2165.28,3.56,6,0.1252,40
2026-05-25,Emergency,7,0.8406,51.5,3.71,2171.52,3.55,6,0.1257,40
2026-05-26,Emergency,8,0.8086,46.5,3.66,2007.03,3.36,3,0.1126,40
2026-05-27,Emergency,9,0.8256,49.2,3.68,2087.6,3.43,4,0.119,40
2026-05-28,Emergency,10,0.8225,48.8,3.67,2067.7,3.39,4,0.1174,40
2026-05-29,Emergency,11,0.8512,53.4,3.71,2206.69,3.51,6,0.1285,40
2026-05-30,Emergency,12,0.898,53.7,3.66,2135.97,3.42,5,0.1229,40
2026-05-31,Emergency,13,0.9078,55.3,3.68,2180.69,3.45,6,0.1265,40
2026-06-01,Emergency,14,0.8298,50.1,3.67,2085.85,3.33,4,0.1189,40
2026-06-02,Emergency,15,0.8199,48.5,3.65,2031.81,3.26,4,0.1145,40
2026-06-03,Emergency,16,0.8371,51.3,3.68,2113.65,3.33,5,0.1211,40
2026-06-04,Emergency,17,0.8135,47.6,3.64,1990.95,3.18,3,0.1113,40
2026-06-05,Emergency,18,0.8526,53.9,3.69,2181.91,3.36,6,0.1266,40
2026-06-06,Emergency,19,0.9037,54.9,3.65,2132.92,3.29,5,0.1226,40
2026-06-07,Emergency,20,0.9109,56.1,3.66,2164.52,3.3,6,0.1252,40
2026-06-08,Emergency,21,0.8316,50.6,3.65,2063.63,3.19,4,0.1171,40
2026-06-09,Emergency,22,0.8633,55.7,3.69,2217.67,3.32,6,0.1294,40
2026-06-10,Emergency,23,0.8604,55.3,3.69,2198.28,3.28,6,0.1279,40
2026-06-11,Emergency,24,0.8555,54.5,3.68,2169.6,3.24,6,0.1256,40
2026-06-12,Emergency,25,0.8272,50.1,3.63,2023.66,3.07,4,0.1139,40
2026-06-13,Emergency,26,0.9017,54.8,3.63,2091.68,3.12,5,0.1193,40
2026-06-14,Emergency,27,0.8815,51.6,3.6,1985.95,3.0,4,0.1109,40
2026-06-15,Emergency,28,0.8279,50.3,3.63,2013.57,3.01,4,0.1131,40
2026-06-16,Emergency,29,0.8553,54.7,3.66,2145.76,3.12,5,0.1237,40
2026-06-17,Emergency,30,0.8592,55.4,3.66,2161.19,3.12,6,0.1249,40
2026-06-18,Emergency,31,0.8713,57.3,3.68,2216.88,3.16,6,0.1294,40
2026-06-19,Emergency,32,0.8401,52.4,3.63,2056.46,2.98,4,0.1165,40
2026-06-20,Emergency,33,0.9032,55.3,3.61,2067.61,2.97,5,0.1174,40
2026-06-21,Emergency,34,0.9091,56.3,3.61,2092.39,2.98,5,0.1194,40
2026-06-22,Emergency,35,0.836,51.8,3.62,2022.37,2.89,4,0.1138,40
2026-06-23,Emergency,36,0.8339,51.5,3.61,2007.48,2.86,4,0.1126,40
2026-06-24,Emergency,37,0.8521,54.5,3.63,2093.93,2.93,5,0.1195,40
2026-06-25,Emergency,38,0.8405,52.7,3.61,2031.73,2.85,4,0.1145,40
2026-06-26,Emergency,39,0.8636,56.4,3.64,2142.45,2.94,5,0.1234,40
2026-06-27,Emergency,40,0.9129,57.1,3.6,2084.29,2.86,5,0.1187,40
2026-06-28,Emergency,41,0.9335,60.4,3.63,2183.17,2.95,6,0.1267,40
2026-06-29,Emergency,42,0.8678,57.2,3.64,2150.07,2.89,5,0.124,40
2026-06-30,Emergency,43,0.8493,54.2,3.61,2053.09,2.78,4,0.1162,40
2026-07-01,Emergency,44,0.8762,58.6,3.64,2183.06,2.89,6,0.1266,40
2026-07-02,Emergency,45,0.8757,58.5,3.64,2176.19,2.87,6,0.1261,40
2026-07-03,Emergency,46,0.8558,55.4,3.61,2071.87,2.74,4,0.1177,40
2026-07-04,Emergency,47,0.9117,57.2,3.58,2047.08,2.7,4,0.1158,40
2026-07-05,Emergency,48,0.9323,60.5,3.6,2145.62,2.78,6,0.1236,40
2026-07-06,Emergency,49,0.8461,53.9,3.59,2009.94,2.63,4,0.1128,40
2026-07-07,Emergency,50,0.85,54.6,3.59,2024.98,2.62,4,0.114,40
2026-07-08,Emergency,51,0.8413,53.2,3.57,1976.84,2.56,3,0.1101,40
2026-07-09,Emergency,52,0.8811,59.7,3.63,2171.73,2.74,6,0.1257,40
2026-07-10,Emergency,53,0.8759,58.9,3.62,2141.21,2.69,5,0.1233,40
2026-07-11,Emergency,54,0.9389,61.8,3.59,2151.29,2.68,6,0.1241,40
2026-07-12,Emergency,55,0.9435,62.5,3.6,2170.18,2.68,6,0.1256,40
2026-07-13,Emergency,56,0.8683,57.8,3.6,2089.73,2.58,5,0.1192,40
2026-07-14,Emergency,57,0.8747,58.8,3.6,2117.19,2.59,5,0.1214,40
2026-07-15,Emergency,58,0.8542,55.6,3.57,2009.95,2.47,4,0.1128,40
2026-07-16,Emergency,59,0.8538,55.5,3.57,2003.63,2.44,4,0.1123,40
2026-07-17,Emergency,60,0.8824,60.1,3.6,2142.1,2.56,5,0.1234,40
2026-07-18,Emergency,61,0.9335,61.1,3.56,2092.77,2.49,5,0.1194,40
2026-07-19,Emergency,62,0.9391,62.1,3.57,2116.31,2.5,5,0.1213,40
2026-07-20,Emergency,63,0.8899,61.5,3.61,2166.25,2.53,6,0.1253,40
2026-07-21,Emergency,64,0.8843,60.6,3.59,2133.68,2.48,5,0.1227,40
2026-07-22,Emergency,65,0.8812,60.1,3.59,2113.39,2.44,5,0.1211,40
2026-07-23,Emergency,66,0.8824,60.4,3.59,2114.8,2.43,5,0.1212,40
2026-07-24,Emergency,67,0.8705,58.5,3.57,2050.99,2.34,4,0.1161,40
2026-07-25,Emergency,68,0.9177,58.9,3.52,1982.7,2.26,4,0.1106,40
2026-07-26,Emergency,69,0.9389,62.3,3.55,2084.18,2.34,5,0.1187,40
2026-07-27,Emergency,70,0.8687,58.3,3.55,2028.65,2.27,4,0.1143,40
2026-07-28,Emergency,71,0.8793,60.0,3.57,2077.13,2.3,5,0.1182,40
2026-07-29,Emergency,72,0.9025,63.8,3.6,2188.35,2.39,6,0.1271,40
2026-07-30,Emergency,73,0.8724,59.0,3.55,2033.48,2.22,4,0.1147,40
2026-07-31,Emergency,74,0.8645,57.8,3.54,1989.58,2.16,4,0.1112,40
2026-08-01,Emergency,75,0.9366,62.2,3.53,2045.35,2.2,5,0.1156,40
2026-08-02,Emergency,76,0.9381,62.4,3.52,2048.4,2.18,5,0.1159,40
2026-08-03,Emergency,77,0.8974,63.2,3.57,2140.48,2.25,6,0.1232,40
2026-08-04,Emergency,78,0.8931,62.5,3.56,2114.26,2.21,5,0.1211,40
2026-08-05,Emergency,79,0.9053,64.5,3.58,2170.97,2.25,6,0.1257,40
2026-08-06,Emergency,80,0.9002,63.7,3.57,2141.08,2.2,6,0.1233,40
2026-08-07,Emergency,81,0.8882,61.8,3.55,2076.6,2.12,5,0.1181,40
2026-08-08,Emergency,82,0.9695,67.7,3.55,2178.51,2.2,6,0.1263,40
2026-08-09,Emergency,83,0.938,62.7,3.5,2016.74,2.02,4,0.1133,40
2026-08-10,Emergency,84,0.8717,59.3,3.52,1980.68,1.97,3,0.1105,40
2026-08-11,Emergency,85,0.876,60.0,3.52,1997.51,1.97,4,0.1118,40
2026-08-12,Emergency,86,0.9085,65.3,3.56,2155.59,2.11,6,0.1244,40
2026-08-13,Emergency,87,0.8964,63.4,3.54,2090.47,2.02,5,0.1192,40
2026-08-14,Emergency,88,0.8823,61.1,3.52,2015.32,1.93,4,0.1132,40
2026-08-15,Emergency,89,0.9602,66.4,3.52,2100.26,2.0,5,0.12,40
2026-05-18,ICU,0,0.8626,9.2,4.08,6113.08,1.71,2,0.143,24
2026-05-19,ICU,1,0.892,13.6,4.11,6249.08,1.81,4,0.1583,24
2026-05-20,ICU,2,0.8817,11.6,4.1,6186.54,1.7,3,0.1577,24
2026-05-21,ICU,3,0.8807,11.0,4.09,6170.26,1.64,3,0.1608,24
2026-05-22,ICU,4,0.8789,10.4,4.09,6150.38,1.57,2,0.1636,24
2026-05-23,ICU,5,0.8675,11.8,4.12,6232.57,1.61,3,0.1746,24
2026-05-24,ICU,6,0.8563,9.7,4.1,6165.45,1.5,2,0.1736,24
2026-05-25,ICU,7,0.8748,8.7,4.07,6096.91,1.39,2,0.1726,24
2026-05-26,ICU,8,0.8785,8.9,4.07,6104.5,1.35,2,0.1776,24
2026-05-27,ICU,9,0.9229,15.7,4.13,6315.47,1.52,4,0.1988,24
2026-05-28,ICU,10,0.9224,15.3,4.13,6302.15,1.46,4,0.2022,24
2026-05-29,ICU,11,0.9142,13.6,4.11,6249.93,1.37,4,0.2024,24
2026-05-30,ICU,12,0.8647,8.9,4.1,6141.47,1.21,2,0.1981,24
2026-05-31,ICU,13,0.9021,14.6,4.14,6317.29,1.35,4,0.2166,24
2026-06-01,ICU,14,0.9247,14.2,4.12,6269.69,1.25,4,0.2172,24
2026-06-02,ICU,15,0.9238,13.7,4.12,6254.22,1.19,4,0.2203,24
2026-06-03,ICU,16,0.9127,11.6,4.1,6187.34,1.08,3,0.2194,24
2026-06-04,ICU,17,0.906,10.2,4.08,6143.06,1.0,2,0.2202,24
2026-06-05,ICU,18,0.8994,8.8,4.07,6099.1,0.91,2,0.2211,24
2026-06-06,ICU,19,0.9119,14.0,4.14,6300.65,1.06,4,0.2417,24
2026-06-07,ICU,20,0.8918,10.4,4.11,6188.94,0.91,3,0.2371,24
2026-06-08,ICU,21,0.9113,9.6,4.08,6125.59,0.9,2,0.2364,24
2026-06-09,ICU,22,0.9187,10.4,4.09,6151.49,0.9,3,0.2429,24
2026-06-10,ICU,23,0.9346,12.6,4.11,6219.8,0.9,3,0.2528,24
2026-06-11,ICU,24,0.9166,9.4,4.08,6119.19,0.9,2,0.2491,24
2026-06-12,ICU,25,0.9528,14.9,4.12,6289.15,0.9,4,0.2671,24
2026-06-13,ICU,26,0.9201,12.9,4.13,6264.63,0.9,4,0.2696,24
2026-06-14,ICU,27,0.9204,12.6,4.13,6254.87,0.9,4,0.2732,24
2026-06-15,ICU,28,0.9382,11.5,4.1,6183.02,0.9,3,0.2718,24
2026-06-16,ICU,29,0.9502,13.0,4.11,6231.83,0.9,4,0.2801,24
2026-06-17,ICU,30,0.9502,12.7,4.11,6221.02,0.9,3,0.2837,24
2026-06-18,ICU,31,0.9557,13.2,4.11,6237.46,0.9,4,0.2894,24
2026-06-19,ICU,32,0.9296,8.7,4.07,6096.11,0.9,2,0.2825,24
2026-06-20,ICU,33,0.9184,10.1,4.11,6178.95,0.9,3,0.2935,24
2026-06-21,ICU,34,0.9019,7.1,4.08,6085.4,0.9,2,0.2904,24
2026-06-22,ICU,35,0.9567,12.0,4.1,6198.5,0.9,3,0.3,24
2026-06-23,ICU,36,0.9507,10.6,4.09,6157.47,0.9,3,0.3,24
2026-06-24,ICU,37,0.9436,9.2,4.08,6111.13,0.9,2,0.3,24
2026-06-25,ICU,38,0.9438,8.8,4.07,6100.85,0.9,2,0.3,24
2026-06-26,ICU,39,0.9702,12.7,4.11,6221.91,0.9,4,0.3,24
2026-06-27,ICU,40,0.9215,8.2,4.09,6117.65,0.9,2,0.3,24
2026-06-28,ICU,41,0.9615,14.2,4.14,6306.28,0.9,5,0.3,24
2026-06-29,ICU,42,0.9765,12.6,4.11,6220.27,0.9,4,0.3,24
2026-06-30,ICU,43,0.9669,10.8,4.09,6161.72,0.9,3,0.3,24
2026-07-01,ICU,44,0.9813,12.7,4.11,6222.73,0.9,4,0.3,24
2026-07-02,ICU,45,0.9551,8.2,4.07,6080.7,0.9,2,0.3,24
2026-07-03,ICU,46,0.99,15.7,4.13,6314.64,0.9,5,0.3,24
2026-07-04,ICU,47,0.9525,10.7,4.11,6195.58,0.9,3,0.3,24
2026-07-05,ICU,48,0.9697,13.1,4.13,6270.68,0.9,4,0.3,24
2026-07-06,ICU,49,0.9669,8.7,4.07,6095.68,0.9,2,0.3,24
2026-07-07,ICU,50,0.9893,11.9,4.1,6196.66,0.9,3,0.3,24
2026-07-08,ICU,51,0.99,11.9,4.1,6197.68,0.9,3,0.3,24
2026-07-09,ICU,52,0.99,15.5,4.13,6309.46,0.9,5,0.3,24
2026-07-10,ICU,53,0.99,12.6,4.11,6217.93,0.9,4,0.3,24
2026-07-11,ICU,54,0.9675,10.6,4.11,6193.37,0.9,3,0.3,24
2026-07-12,ICU,55,0.9593,8.9,4.1,6141.74,0.9,3,0.3,24
2026-07-13,ICU,56,0.99,10.7,4.09,6157.89,0.9,3,0.3,24
2026-07-14,ICU,57,0.99,12.2,4.1,6205.17,0.9,3,0.3,24
2026-07-15,ICU,58,0.99,11.5,4.1,6184.73,0.9,3,0.3,24
2026-07-16,ICU,59,0.9859,8.2,4.07,6080.4,0.9,2,0.3,24
2026-07-17,ICU,60,0.99,14.6,4.12,6281.57,0.9,4,0.3,24
2026-07-18,ICU,61,0.99,14.0,4.14,6299.04,0.9,5,0.3,24
2026-07-19,ICU,62,0.9684,7.9,4.09,6110.06,0.9,2,0.3,24
2026-07-20,ICU,63,0.99,12.4,4.1,6213.51,0.9,3,0.3,24
2026-07-21,ICU,64,0.99,8.9,4.07,6102.14,0.9,2,0.3,24
2026-07-22,ICU,65,0.99,13.4,4.11,6243.06,0.9,4,0.3,24
2026-07-23,ICU,66,0.99,10.2,4.08,6145.31,0.9,3,0.3,24
2026-07-24,ICU,67,0.99,13.3,4.11,6239.86,0.9,4,0.3,24
2026-07-25,ICU,68,0.99,12.6,4.13,6256.75,0.9,4,0.3,24
2026-07-26,ICU,69,0.99,12.9,4.13,6267.16,0.9,4,0.3,24
2026-07-27,ICU,70,0.99,8.9,4.07,6101.94,0.9,2,0.3,24
2026-07-28,ICU,71,0.99,15.3,4.13,6304.0,0.9,5,0.3,24
2026-07-29,ICU,72,0.99,9.8,4.08,6132.55,0.9,3,0.3,24
2026-07-30,ICU,73,0.99,8.3,4.07,6084.35,0.9,2,0.3,24
2026-07-31,ICU,74,0.99,12.4,4.1,6213.71,0.9,3,0.3,24
2026-08-01,ICU,75,0.99,9.8,4.1,6167.73,0.9,3,0.3,24
2026-08-02,ICU,76,0.99,13.4,4.14,6282.45,0.9,4,0.3,24
2026-08-03,ICU,77,0.99,14.5,4.12,6277.06,0.9,4,0.3,24
2026-08-04,ICU,78,0.99,10.5,4.09,6154.28,0.9,3,0.3,24
2026-08-05,ICU,79,0.99,15.6,4.13,6313.22,0.9,5,0.3,24
2026-08-06,ICU,80,0.99,10.3,4.09,6147.73,0.9,3,0.3,24
2026-08-07,ICU,81,0.99,12.1,4.1,6203.76,0.9,3,0.3,24
2026-08-08,ICU,82,0.99,8.8,4.09,6138.99,0.9,3,0.3,24
2026-08-09,ICU,83,0.99,14.3,4.14,6309.01,0.9,5,0.3,24
2026-08-10,ICU,84,0.99,9.3,4.08,6116.15,0.9,2,0.3,24
2026-08-11,ICU,85,0.99,8.4,4.07,6086.23,0.9,2,0.3,24
2026-08-12,ICU,86,0.99,11.5,4.1,6183.77,0.9,3,0.3,24
2026-08-13,ICU,87,0.99,15.9,4.13,6323.09,0.9,5,0.3,24
2026-08-14,ICU,88,0.99,15.1,4.13,6297.92,0.9,5,0.3,24
2026-08-15,ICU,89,0.99,12.8,4.13,6262.15,0.9,4,0.3,24
2026-05-18,Cardiology,0,0.7295,28.1,4.23,4397.7,3.0,4,0.1178,30
2026-05-19,Cardiology,1,0.7297,28.1,4.23,4398.36,3.0,4,0.1179,30
2026-05-20,Cardiology,2,0.7109,25.2,4.2,4304.71,2.9,3,0.1104,30
2026-05-21,Cardiology,3,0.7008,23.5,4.19,4253.98,2.85,2,0.1063,30
2026-05-22,Cardiology,4,0.7236,27.2,4.22,4368.0,2.97,4,0.1154,30
2026-05-23,Cardiology,5,0.6881,25.1,4.22,4340.42,2.94,3,0.1132,30
2026-05-24,Cardiology,6,0.6737,22.8,4.2,4268.41,2.87,2,0.1075,30
2026-05-25,Cardiology,7,0.6897,21.8,4.17,4198.62,2.8,2,0.1019,30
2026-05-26,Cardiology,8,0.7223,27.0,4.22,4361.7,2.96,4,0.1149,30
2026-05-27,Cardiology,9,0.6981,23.1,4.18,4240.62,2.84,2,0.1052,30
2026-05-28,Cardiology,10,0.7318,28.5,4.23,4409.2,3.01,4,0.1187,30
2026-05-29,Cardiology,11,0.697,22.9,4.18,4235.24,2.84,2,0.1048,30
2026-05-30,Cardiology,12,0.6611,20.8,4.19,4205.69,2.81,2,0.1025,30
2026-05-31,Cardiology,13,0.6966,26.4,4.24,4382.78,2.98,4,0.1166,30
2026-06-01,Cardiology,14,0.6927,22.2,4.18,4213.32,2.81,2,0.1031,30
2026-06-02,Cardiology,15,0.694,22.4,4.18,4219.82,2.82,2,0.1036,30
2026-06-03,Cardiology,16,0.715,25.8,4.21,4324.85,2.92,3,0.112,30
2026-06-04,Cardiology,17,0.7287,28.0,4.23,4393.64,2.99,4,0.1175,30
2026-06-05,Cardiology,18,0.6948,22.6,4.18,4224.11,2.82,2,0.1039,30
2026-06-06,Cardiology,19,0.6705,22.3,4.2,4252.58,2.85,2,0.1062,30
2026-06-07,Cardiology,20,0.6939,26.0,4.23,4369.35,2.97,4,0.1155,30
2026-06-08,Cardiology,21,0.7336,28.8,4.23,4417.96,3.02,4,0.1194,30
2026-06-09,Cardiology,22,0.71,25.0,4.2,4300.19,2.9,3,0.11,30
2026-06-10,Cardiology,23,0.6922,22.2,4.18,4210.97,2.81,2,0.1029,30
2026-06-11,Cardiology,24,0.6857,21.1,4.17,4178.48,2.78,2,0.1003,30
2026-06-12,Cardiology,25,0.6965,22.8,4.18,4232.41,2.83,2,0.1046,30
2026-06-13,Cardiology,26,0.6616,20.9,4.19,4207.96,2.81,2,0.1026,30
2026-06-14,Cardiology,27,0.6889,25.2,4.22,4344.41,2.94,3,0.1136,30
2026-06-15,Cardiology,28,0.6911,22.0,4.17,4205.46,2.81,2,0.1024,30
2026-06-16,Cardiology,29,0.7103,25.1,4.2,4301.58,2.9,3,0.1101,30
2026-06-17,Cardiology,30,0.7197,26.6,4.21,4348.57,2.95,4,0.1139,30
2026-06-18,Cardiology,31,0.7141,25.6,4.21,4320.28,2.92,3,0.1116,30
2026-06-19,Cardiology,32,0.695,22.6,4.18,4224.94,2.82,2,0.104,30
2026-06-20,Cardiology,33,0.6952,26.2,4.23,4376.03,2.98,4,0.1161,30
2026-06-21,Cardiology,34,0.6908,25.5,4.23,4353.85,2.95,4,0.1143,30
2026-06-22,Cardiology,35,0.7219,26.9,4.22,4359.75,2.96,4,0.1148,30
2026-06-23,Cardiology,36,0.6916,22.0,4.17,4207.76,2.81,2,0.1026,30
2026-06-24,Cardiology,37,0.6912,22.0,4.17,4205.94,2.81,2,0.1025,30
2026-06-25,Cardiology,38,0.7314,28.4,4.23,4406.89,3.01,4,0.1186,30
2026-06-26,Cardiology,39,0.7049,24.2,4.19,4274.39,2.87,3,0.108,30
2026-06-27,Cardiology,40,0.67,22.2,4.2,4250.24,2.85,2,0.106,30
2026-06-28,Cardiology,41,0.6794,23.7,4.21,4297.15,2.9,3,0.1098,30
2026-06-29,Cardiology,42,0.7181,26.3,4.21,4340.72,2.94,4,0.1133,30
2026-06-30,Cardiology,43,0.7328,28.6,4.23,4413.91,3.01,4,0.1191,30
2026-07-01,Cardiology,44,0.6993,23.3,4.19,4246.61,2.85,2,0.1057,30
2026-07-02,Cardiology,45,0.7312,28.4,4.23,4406.2,3.01,4,0.1185,30
2026-07-03,Cardiology,46,0.6862,21.2,4.17,4181.21,2.78,2,0.1005,30
2026-07-04,Cardiology,47,0.6828,24.2,4.22,4313.8,2.91,3,0.1111,30
2026-07-05,Cardiology,48,0.6867,24.9,4.22,4333.49,2.93,3,0.1127,30
2026-07-06,Cardiology,49,0.6903,21.8,4.17,4201.47,2.8,2,0.1021,30
2026-07-07,Cardiology,50,0.692,22.1,4.17,4210.08,2.81,2,0.1028,30
2026-07-08,Cardiology,51,0.706,24.4,4.19,4279.78,2.88,3,0.1084,30
2026-07-09,Cardiology,52,0.7333,28.7,4.23,4416.56,3.02,4,0.1193,30
2026-07-10,Cardiology,53,0.7148,25.8,4.21,4324.01,2.92,3,0.1119,30
2026-07-11,Cardiology,54,0.7017,27.3,4.24,4408.26,3.01,4,0.1187,30
2026-07-12,Cardiology,55,0.6952,26.2,4.23,4376.09,2.98,4,0.1161,30
2026-07-13,Cardiology,56,0.7084,24.7,4.2,4291.85,2.89,3,0.1093,30
2026-07-14,Cardiology,57,0.7242,27.3,4.22,4371.19,2.97,4,0.1157,30
2026-07-15,Cardiology,58,0.6859,21.1,4.17,4179.46,2.78,2,0.1004,30
2026-07-16,Cardiology,59,0.6905,21.9,4.17,4202.29,2.8,2,0.1022,30
2026-07-17,Cardiology,60,0.7265,27.6,4.22,4382.36,2.98,4,0.1166,30
2026-07-18,Cardiology,61,0.6948,26.2,4.23,4374.2,2.97,4,0.1159,30
2026-07-19,Cardiology,62,0.6666,21.7,4.19,4233.16,2.83,2,0.1047,30
2026-07-20,Cardiology,63,0.7115,25.2,4.2,4307.69,2.91,3,0.1106,30
2026-07-21,Cardiology,64,0.7153,25.8,4.21,4326.5,2.93,3,0.1121,30
2026-07-22,Cardiology,65,0.7284,27.9,4.23,4391.93,2.99,4,0.1174,30
2026-07-23,Cardiology,66,0.7152,25.8,4.21,4325.78,2.93,3,0.1121,30
2026-07-24,Cardiology,67,0.7056,24.3,4.19,4278.14,2.88,3,0.1083,30
2026-07-25,Cardiology,68,0.6737,22.8,4.2,4268.55,2.87,2,0.1075,30
2026-07-26,Cardiology,69,0.6763,23.2,4.21,4281.47,2.88,3,0.1085,30
2026-07-27,Cardiology,70,0.7176,26.2,4.21,4337.98,2.94,3,0.113,30
2026-07-28,Cardiology,71,0.7284,27.9,4.23,4391.87,2.99,4,0.1173,30
2026-07-29,Cardiology,72,0.7077,24.6,4.2,4288.47,2.89,3,0.1091,30
2026-07-30,Cardiology,73,0.6974,23.0,4.18,4236.96,2.84,2,0.105,30
2026-07-31,Cardiology,74,0.6968,22.9,4.18,4234.17,2.83,2,0.1047,30
2026-08-01,Cardiology,75,0.6923,25.8,4.23,4361.5,2.96,4,0.1149,30
2026-08-02,Cardiology,76,0.6958,26.3,4.23,4379.14,2.98,4,0.1163,30
2026-08-03,Cardiology,77,0.6903,21.8,4.17,4201.32,2.8,2,0.1021,30
2026-08-04,Cardiology,78,0.6883,21.5,4.17,4191.64,2.79,2,0.1013,30
2026-08-05,Cardiology,79,0.7147,25.8,4.21,4323.61,2.92,3,0.1119,30
2026-08-06,Cardiology,80,0.6923,22.2,4.18,4211.54,2.81,2,0.1029,30
2026-08-07,Cardiology,81,0.7262,27.6,4.22,4381.17,2.98,4,0.1165,30
2026-08-08,Cardiology,82,0.6705,22.3,4.2,4252.58,2.85,2,0.1062,30
2026-08-09,Cardiology,83,0.6622,21.0,4.19,4210.97,2.81,2,0.1029,30
2026-08-10,Cardiology,84,0.731,28.4,4.23,4405.24,3.01,4,0.1184,30
2026-08-11,Cardiology,85,0.6933,22.3,4.18,4216.38,2.82,2,0.1033,30
2026-08-12,Cardiology,86,0.6992,23.3,4.18,4246.18,2.85,2,0.1057,30
2026-08-13,Cardiology,87,0.6927,22.2,4.18,4213.4,2.81,2,0.1031,30
2026-08-14,Cardiology,88,0.6908,21.9,4.17,4203.87,2.8,2,0.1023,30
2026-08-15,Cardiology,89,0.6561,20.0,4.18,4180.29,2.78,2,0.1004,30
2026-05-18,Orthopedics,0,0.6178,16.4,4.37,3488.85,3.19,2,0.0611,26
2026-05-19,Orthopedics,1,0.6237,17.4,4.38,3518.66,3.22,2,0.0635,26
2026-05-20,Orthopedics,2,0.6177,16.4,4.37,3488.35,3.19,2,0.0611,26
2026-05-21,Orthopedics,3,0.6446,20.7,4.41,3622.79,3.32,3,0.0718,26
2026-05-22,Orthopedics,4,0.649,21.4,4.41,3645.18,3.35,3,0.0736,26
2026-05-23,Orthopedics,5,0.6047,17.9,4.4,3573.41,3.27,2,0.0679,26
2026-05-24,Orthopedics,6,0.6009,17.3,4.4,3554.5,3.25,2,0.0664,26
2026-05-25,Orthopedics,7,0.6402,20.0,4.4,3601.13,3.3,2,0.0701,26
2026-05-26,Orthopedics,8,0.6588,23.0,4.43,3693.75,3.39,4,0.0775,26
2026-05-27,Orthopedics,9,0.6576,22.8,4.42,3687.78,3.39,3,0.077,26
2026-05-28,Orthopedics,10,0.6172,16.3,4.37,3485.87,3.19,2,0.0609,26
2026-05-29,Orthopedics,11,0.6241,17.5,4.38,3520.37,3.22,2,0.0636,26
2026-05-30,Orthopedics,12,0.5968,16.7,4.39,3534.19,3.23,2,0.0647,26
2026-05-31,Orthopedics,13,0.5975,16.8,4.39,3537.35,3.24,2,0.065,26
2026-06-01,Orthopedics,14,0.6436,20.6,4.4,3617.81,3.32,3,0.0714,26
2026-06-02,Orthopedics,15,0.6358,19.3,4.39,3579.07,3.28,2,0.0683,26
2026-06-03,Orthopedics,16,0.6175,16.4,4.37,3487.31,3.19,2,0.061,26
2026-06-04,Orthopedics,17,0.6337,19.0,4.39,3568.4,3.27,2,0.0675,26
2026-06-05,Orthopedics,18,0.6412,20.2,4.4,3605.94,3.31,2,0.0705,26
2026-06-06,Orthopedics,19,0.5901,15.6,4.38,3500.42,3.2,2,0.062,26
2026-06-07,Orthopedics,20,0.6267,21.5,4.44,3683.36,3.38,3,0.0767,26
2026-06-08,Orthopedics,21,0.6176,16.4,4.37,3487.99,3.19,2,0.061,26
2026-06-09,Orthopedics,22,0.6612,23.4,4.43,3706.21,3.41,4,0.0785,26
2026-06-10,Orthopedics,23,0.62,16.8,4.37,3499.78,3.2,2,0.062,26
2026-06-11,Orthopedics,24,0.6572,22.7,4.42,3685.89,3.39,3,0.0769,26
2026-06-12,Orthopedics,25,0.6601,23.2,4.43,3700.66,3.4,4,0.0781,26
2026-06-13,Orthopedics,26,0.634,22.6,4.45,3719.89,3.42,4,0.0796,26
2026-06-14,Orthopedics,27,0.6251,21.2,4.43,3675.51,3.38,3,0.076,26
2026-06-15,Orthopedics,28,0.654,22.2,4.42,3669.87,3.37,3,0.0756,26
2026-06-16,Orthopedics,29,0.6471,21.1,4.41,3635.62,3.34,3,0.0728,26
2026-06-17,Orthopedics,30,0.6539,22.2,4.42,3669.75,3.37,3,0.0756,26
2026-06-18,Orthopedics,31,0.6217,17.1,4.37,3508.64,3.21,2,0.0627,26
2026-06-19,Orthopedics,32,0.6418,20.3,4.4,3609.02,3.31,2,0.0707,26
2026-06-20,Orthopedics,33,0.6107,18.9,4.41,3603.56,3.3,2,0.0703,26
2026-06-21,Orthopedics,34,0.6279,21.7,4.44,3689.39,3.39,3,0.0772,26
2026-06-22,Orthopedics,35,0.6381,19.7,4.4,3590.7,3.29,2,0.0693,26
2026-06-23,Orthopedics,36,0.6343,19.1,4.39,3571.27,3.27,2,0.0677,26
2026-06-24,Orthopedics,37,0.647,21.1,4.41,3634.89,3.33,3,0.0728,26
2026-06-25,Orthopedics,38,0.6283,18.1,4.38,3541.62,3.24,2,0.0653,26
2026-06-26,Orthopedics,39,0.622,17.1,4.37,3509.94,3.21,2,0.0628,26
2026-06-27,Orthopedics,40,0.6089,18.6,4.41,3594.47,3.29,2,0.0696,26
2026-06-28,Orthopedics,41,0.6058,18.1,4.41,3579.22,3.28,2,0.0683,26
2026-06-29,Orthopedics,42,0.6266,17.9,4.38,3533.14,3.23,2,0.0647,26
2026-06-30,Orthopedics,43,0.6334,18.9,4.39,3566.88,3.27,2,0.0674,26
2026-07-01,Orthopedics,44,0.6333,18.9,4.39,3566.6,3.27,2,0.0673,26
2026-07-02,Orthopedics,45,0.6314,18.6,4.39,3556.87,3.26,2,0.0665,26
2026-07-03,Orthopedics,46,0.634,19.0,4.39,3569.87,3.27,2,0.0676,26
2026-07-04,Orthopedics,47,0.6193,20.3,4.43,3646.44,3.35,3,0.0737,26
2026-07-05,Orthopedics,48,0.5998,17.2,4.4,3549.22,3.25,2,0.0659,26
2026-07-06,Orthopedics,49,0.6624,23.6,4.43,3712.21,3.41,4,0.079,26
2026-07-07,Orthopedics,50,0.6608,23.3,4.43,3704.09,3.4,4,0.0783,26
2026-07-08,Orthopedics,51,0.639,19.8,4.4,3595.23,3.3,2,0.0696,26
2026-07-09,Orthopedics,52,0.6314,18.6,4.39,3557.09,3.26,2,0.0666,26
2026-07-10,Orthopedics,53,0.6418,20.3,4.4,3608.86,3.31,2,0.0707,26
2026-07-11,Orthopedics,54,0.6274,21.6,4.44,3687.14,3.39,3,0.077,26
2026-07-12,Orthopedics,55,0.6176,20.0,4.42,3638.15,3.34,3,0.0731,26
2026-07-13,Orthopedics,56,0.6552,22.4,4.42,3676.1,3.38,3,0.0761,26
2026-07-14,Orthopedics,57,0.6416,20.3,4.4,3608.18,3.31,2,0.0707,26
2026-07-15,Orthopedics,58,0.6466,21.1,4.41,3633.23,3.33,3,0.0727,26
2026-07-16,Orthopedics,59,0.6294,18.3,4.39,3547.04,3.25,2,0.0658,26
2026-07-17,Orthopedics,60,0.6517,21.9,4.42,3658.72,3.36,3,0.0747,26
2026-07-18,Orthopedics,61,0.5951,16.4,4.39,3525.6,3.23,2,0.064,26
2026-07-19,Orthopedics,62,0.6197,20.4,4.43,3648.7,3.35,3,0.0739,26
2026-07-20,Orthopedics,63,0.658,22.9,4.43,3690.18,3.39,3,0.0772,26
2026-07-21,Orthopedics,64,0.6216,17.1,4.37,3508.03,3.21,2,0.0626,26
2026-07-22,Orthopedics,65,0.6457,20.9,4.41,3628.59,3.33,3,0.0723,26
2026-07-23,Orthopedics,66,0.6198,16.8,4.37,3498.77,3.2,2,0.0619,26
2026-07-24,Orthopedics,67,0.6513,21.8,4.42,3656.43,3.36,3,0.0745,26
2026-07-25,Orthopedics,68,0.5892,15.5,4.38,3496.12,3.2,2,0.0617,26
2026-07-26,Orthopedics,69,0.6318,22.3,4.44,3708.98,3.41,4,0.0787,26
2026-07-27,Orthopedics,70,0.6219,17.1,4.37,3509.35,3.21,2,0.0627,26
2026-07-28,Orthopedics,71,0.6629,23.7,4.43,3714.72,3.41,4,0.0792,26
2026-07-29,Orthopedics,72,0.655,22.4,4.42,3675.22,3.38,3,0.076,26
2026-07-30,Orthopedics,73,0.6447,20.7,4.41,3623.42,3.32,3,0.0719,26
2026-07-31,Orthopedics,74,0.6541,22.3,4.42,3670.66,3.37,3,0.0757,26
2026-08-01,Orthopedics,75,0.6248,21.2,4.43,3673.78,3.37,3,0.0759,26
2026-08-02,Orthopedics,76,0.6323,22.4,4.44,3711.51,3.41,4,0.0789,26
2026-08-03,Orthopedics,77,0.6277,18.0,4.38,3538.35,3.24,2,0.0651,26
2026-08-04,Orthopedics,78,0.6445,20.7,4.41,3622.52,3.32,3,0.0718,26
2026-08-05,Orthopedics,79,0.6198,16.8,4.37,3498.76,3.2,2,0.0619,26
2026-08-06,Orthopedics,80,0.6458,20.9,4.41,3629.04,3.33,3,0.0723,26
2026-08-07,Orthopedics,81,0.6236,17.4,4.38,3517.82,3.22,2,0.0634,26
2026-08-08,Orthopedics,82,0.6132,19.3,4.42,3616.24,3.32,2,0.0713,26
2026-08-09,Orthopedics,83,0.6136,19.4,4.42,3618.11,3.32,2,0.0714,26
2026-08-10,Orthopedics,84,0.6383,19.7,4.4,3591.5,3.29,2,0.0693,26
2026-08-11,Orthopedics,85,0.6411,20.2,4.4,3605.66,3.31,2,0.0705,26
2026-08-12,Orthopedics,86,0.6532,22.1,4.42,3665.98,3.37,3,0.0753,26
2026-08-13,Orthopedics,87,0.655,22.4,4.42,3674.81,3.37,3,0.076,26
2026-08-14,Orthopedics,88,0.6396,19.9,4.4,3598.04,3.3,2,0.0698,26
2026-08-15,Orthopedics,89,0.615,19.6,4.42,3624.9,3.32,3,0.072,26
2026-05-18,Pediatrics,0,0.6016,21.4,4.63,2907.81,3.21,3,0.0586,22
2026-05-19,Pediatrics,1,0.561,15.0,4.57,2704.93,3.0,2,0.0424,22
2026-05-20,Pediatrics,2,0.5609,14.9,4.57,2704.28,3.0,2,0.0423,22
2026-05-21,Pediatrics,3,0.5594,14.7,4.57,2696.93,3.0,2,0.0418,22
2026-05-22,Pediatrics,4,0.5879,19.3,4.61,2839.47,3.14,2,0.0532,22
2026-05-23,Pediatrics,5,0.5459,16.1,4.61,2779.65,3.08,2,0.0484,22
2026-05-24,Pediatrics,6,0.5637,19.0,4.63,2868.58,3.17,3,0.0555,22
2026-05-25,Pediatrics,7,0.5886,19.4,4.61,2842.81,3.14,2,0.0534,22
2026-05-26,Pediatrics,8,0.5717,16.7,4.59,2758.41,3.06,2,0.0467,22
2026-05-27,Pediatrics,9,0.5999,21.2,4.63,2899.59,3.2,3,0.058,22
2026-05-28,Pediatrics,10,0.5931,20.1,4.62,2865.63,3.17,3,0.0553,22
2026-05-29,Pediatrics,11,0.5685,16.2,4.58,2742.63,3.04,2,0.0454,22
2026-05-30,Pediatrics,12,0.5432,15.7,4.6,2766.05,3.07,2,0.0473,22
2026-05-31,Pediatrics,13,0.5407,15.3,4.6,2753.61,3.05,2,0.0463,22
2026-06-01,Pediatrics,14,0.5629,15.3,4.58,2714.4,3.01,2,0.0432,22
2026-06-02,Pediatrics,15,0.5624,15.2,4.58,2711.95,3.01,2,0.043,22
2026-06-03,Pediatrics,16,0.6018,21.5,4.63,2909.03,3.21,3,0.0587,22
2026-06-04,Pediatrics,17,0.5769,17.5,4.6,2784.48,3.08,2,0.0488,22
2026-06-05,Pediatrics,18,0.5742,17.1,4.59,2770.83,3.07,2,0.0477,22
2026-06-06,Pediatrics,19,0.5615,18.6,4.63,2857.42,3.16,2,0.0546,22
2026-06-07,Pediatrics,20,0.5526,17.2,4.62,2813.25,3.11,2,0.0511,22
2026-06-08,Pediatrics,21,0.6018,21.5,4.63,2909.03,3.21,3,0.0587,22
2026-06-09,Pediatrics,22,0.594,20.2,4.62,2870.08,3.17,3,0.0556,22
2026-06-10,Pediatrics,23,0.579,17.8,4.6,2794.84,3.09,2,0.0496,22
2026-06-11,Pediatrics,24,0.5738,17.0,4.59,2769.09,3.07,2,0.0475,22
2026-06-12,Pediatrics,25,0.6043,21.9,4.63,2921.66,3.22,3,0.0597,22
2026-06-13,Pediatrics,26,0.5609,18.5,4.63,2854.44,3.15,2,0.0544,22
2026-06-14,Pediatrics,27,0.5726,20.4,4.64,2912.8,3.21,3,0.059,22
2026-06-15,Pediatrics,28,0.5609,14.9,4.57,2704.62,3.0,2,0.0424,22
2026-06-16,Pediatrics,29,0.5975,20.8,4.62,2887.63,3.19,3,0.057,22
2026-06-17,Pediatrics,30,0.5869,19.1,4.61,2834.27,3.13,2,0.0527,22
2026-06-18,Pediatrics,31,0.5611,15.0,4.57,2705.48,3.01,2,0.0424,22
2026-06-19,Pediatrics,32,0.5844,18.7,4.61,2822.06,3.12,2,0.0518,22
2026-06-20,Pediatrics,33,0.5593,18.3,4.63,2846.52,3.15,2,0.0537,22
2026-06-21,Pediatrics,34,0.5256,12.9,4.58,2678.08,2.98,2,0.0402,22
2026-06-22,Pediatrics,35,0.5777,17.6,4.6,2788.58,3.09,2,0.0491,22
2026-06-23,Pediatrics,36,0.5963,20.6,4.62,2881.35,3.18,3,0.0565,22
2026-06-24,Pediatrics,37,0.5698,16.4,4.59,2748.84,3.05,2,0.0459,22
2026-06-25,Pediatrics,38,0.5779,17.7,4.6,2789.64,3.09,2,0.0492,22
2026-06-26,Pediatrics,39,0.5771,17.5,4.6,2785.58,3.09,2,0.0488,22
2026-06-27,Pediatrics,40,0.5401,15.2,4.6,2750.48,3.05,2,0.046,22
2026-06-28,Pediatrics,41,0.5709,20.1,4.64,2904.61,3.2,3,0.0584,22
2026-06-29,Pediatrics,42,0.5941,20.3,4.62,2870.32,3.17,3,0.0556,22
2026-06-30,Pediatrics,43,0.5605,14.9,4.57,2702.65,3.0,2,0.0422,22
2026-07-01,Pediatrics,44,0.6049,22.0,4.63,2924.26,3.22,3,0.0599,22
2026-07-02,Pediatrics,45,0.599,21.0,4.63,2894.8,3.19,3,0.0576,22
2026-07-03,Pediatrics,46,0.5692,16.3,4.58,2745.98,3.05,2,0.0457,22
2026-07-04,Pediatrics,47,0.5668,19.5,4.64,2884.22,3.18,3,0.0567,22
2026-07-05,Pediatrics,48,0.5303,13.7,4.58,2701.6,3.0,2,0.0421,22
2026-07-06,Pediatrics,49,0.605,22.0,4.63,2924.78,3.22,3,0.06,22
2026-07-07,Pediatrics,50,0.5883,19.3,4.61,2841.42,3.14,2,0.0533,22
2026-07-08,Pediatrics,51,0.5875,19.2,4.61,2837.53,3.14,2,0.053,22
2026-07-09,Pediatrics,52,0.5595,14.7,4.57,2697.61,3.0,2,0.0418,22
2026-07-10,Pediatrics,53,0.5999,21.2,4.63,2899.26,3.2,3,0.0579,22
2026-07-11,Pediatrics,54,0.5264,13.0,4.58,2682.25,2.98,2,0.0406,22
2026-07-12,Pediatrics,55,0.537,14.7,4.59,2735.21,3.04,2,0.0448,22
2026-07-13,Pediatrics,56,0.5622,15.1,4.58,2710.76,3.01,2,0.0429,22
2026-07-14,Pediatrics,57,0.5938,20.2,4.62,2869.19,3.17,3,0.0555,22
2026-07-15,Pediatrics,58,0.5649,15.6,4.58,2724.55,3.02,2,0.044,22
2026-07-16,Pediatrics,59,0.6005,21.3,4.63,2902.66,3.2,3,0.0582,22
2026-07-17,Pediatrics,60,0.5878,19.3,4.61,2839.07,3.14,2,0.0531,22
2026-07-18,Pediatrics,61,0.5268,13.1,4.58,2684.04,2.98,2,0.0407,22
2026-07-19,Pediatrics,62,0.5253,12.8,4.58,2676.36,2.98,2,0.0401,22
2026-07-20,Pediatrics,63,0.5576,14.4,4.57,2687.91,2.99,2,0.041,22
2026-07-21,Pediatrics,64,0.5853,18.8,4.61,2826.48,3.13,2,0.0521,22
2026-07-22,Pediatrics,65,0.5951,20.4,4.62,2875.37,3.18,3,0.056,22
2026-07-23,Pediatrics,66,0.5669,15.9,4.58,2734.64,3.03,2,0.0448,22
2026-07-24,Pediatrics,67,0.5975,20.8,4.62,2887.35,3.19,3,0.057,22
2026-07-25,Pediatrics,68,0.5279,13.3,4.58,2689.31,2.99,2,0.0411,22
2026-07-26,Pediatrics,69,0.565,19.2,4.63,2875.24,3.18,3,0.056,22
2026-07-27,Pediatrics,70,0.6014,21.4,4.63,2906.95,3.21,3,0.0586,22
2026-07-28,Pediatrics,71,0.5936,20.2,4.62,2868.03,3.17,3,0.0554,22
2026-07-29,Pediatrics,72,0.5899,19.6,4.61,2849.53,3.15,2,0.054,22
2026-07-30,Pediatrics,73,0.5969,20.7,4.62,2884.5,3.18,3,0.0568,22
2026-07-31,Pediatrics,74,0.557,14.3,4.57,2685.04,2.99,2,0.0408,22
2026-08-01,Pediatrics,75,0.5351,14.4,4.59,2725.45,3.03,2,0.044,22
2026-08-02,Pediatrics,76,0.5312,13.8,4.59,2706.23,3.01,2,0.0425,22
2026-08-03,Pediatrics,77,0.5802,18.0,4.6,2801.13,3.1,2,0.0501,22
2026-08-04,Pediatrics,78,0.5923,20.0,4.62,2861.3,3.16,3,0.0549,22
2026-08-05,Pediatrics,79,0.5865,19.0,4.61,2832.5,3.13,2,0.0526,22
2026-08-06,Pediatrics,80,0.5976,20.8,4.62,2887.78,3.19,3,0.057,22
2026-08-07,Pediatrics,81,0.5628,15.2,4.58,2713.8,3.01,2,0.0431,22
2026-08-08,Pediatrics,82,0.5617,18.7,4.63,2858.66,3.16,2,0.0547,22
2026-08-09,Pediatrics,83,0.5347,14.3,4.59,2723.26,3.02,2,0.0439,22
2026-08-10,Pediatrics,84,0.5685,16.2,4.58,2742.69,3.04,2,0.0454,22
2026-08-11,Pediatrics,85,0.5905,19.7,4.61,2852.48,3.15,2,0.0542,22
2026-08-12,Pediatrics,86,0.604,21.8,4.63,2920.05,3.22,3,0.0596,22
2026-08-13,Pediatrics,87,0.5856,18.9,4.61,2827.89,3.13,2,0.0522,22
2026-08-14,Pediatrics,88,0.5577,14.4,4.57,2688.63,2.99,2,0.0411,22
2026-08-15,Pediatrics,89,0.5558,17.7,4.62,2829.08,3.13,2,0.0523,22
2026-05-18,General Surgery,0,0.6671,18.3,3.97,3785.59,3.29,2,0.0808,32
2026-05-19,General Surgery,1,0.7092,25.1,4.03,3996.04,3.5,4,0.0977,32
2026-05-20,General Surgery,2,0.7005,23.7,4.01,3952.39,3.45,4,0.0942,32
2026-05-21,General Surgery,3,0.6737,19.4,3.98,3818.28,3.32,2,0.0835,32
2026-05-22,General Surgery,4,0.6696,18.7,3.97,3797.93,3.3,2,0.0818,32
2026-05-23,General Surgery,5,0.6442,18.3,3.99,3820.88,3.32,2,0.0837,32
2026-05-24,General Surgery,6,0.684,24.6,4.05,4020.01,3.52,5,0.0996,32
2026-05-25,General Surgery,7,0.6879,21.7,4.0,3889.64,3.39,3,0.0892,32
2026-05-26,General Surgery,8,0.7042,24.3,4.02,3971.02,3.47,4,0.0957,32
2026-05-27,General Surgery,9,0.6968,23.1,4.01,3934.1,3.43,4,0.0927,32
2026-05-28,General Surgery,10,0.6936,22.6,4.01,3918.1,3.42,3,0.0914,32
2026-05-29,General Surgery,11,0.6723,19.2,3.98,3811.28,3.31,2,0.0829,32
2026-05-30,General Surgery,12,0.6823,24.4,4.04,4011.51,3.51,4,0.0989,32
2026-05-31,General Surgery,13,0.6501,19.2,4.0,3850.34,3.35,2,0.086,32
2026-06-01,General Surgery,14,0.6939,22.6,4.01,3919.5,3.42,3,0.0916,32
2026-06-02,General Surgery,15,0.7,23.6,4.01,3949.94,3.45,4,0.094,32
2026-06-03,General Surgery,16,0.6975,23.2,4.01,3937.31,3.44,4,0.093,32
2026-06-04,General Surgery,17,0.712,25.5,4.03,4010.15,3.51,5,0.0988,32
2026-06-05,General Surgery,18,0.6724,19.2,3.98,3812.11,3.31,2,0.083,32
2026-06-06,General Surgery,19,0.6604,20.9,4.01,3902.09,3.4,3,0.0902,32
2026-06-07,General Surgery,20,0.6552,20.0,4.01,3876.01,3.38,3,0.0881,32
2026-06-08,General Surgery,21,0.6887,21.8,4.0,3893.54,3.39,3,0.0895,32
2026-06-09,General Surgery,22,0.671,19.0,3.97,3804.8,3.3,2,0.0824,32
2026-06-10,General Surgery,23,0.6717,19.1,3.97,3808.52,3.31,2,0.0827,32
2026-06-11,General Surgery,24,0.6789,20.2,3.98,3844.52,3.34,2,0.0856,32
2026-06-12,General Surgery,25,0.6802,20.4,3.99,3851.18,3.35,2,0.0861,32
2026-06-13,General Surgery,26,0.6564,20.2,4.01,3881.98,3.38,3,0.0886,32
2026-06-14,General Surgery,27,0.6655,21.7,4.02,3927.75,3.43,3,0.0922,32
2026-06-15,General Surgery,28,0.6967,23.1,4.01,3933.66,3.43,4,0.0927,32
2026-06-16,General Surgery,29,0.6856,21.3,3.99,3877.95,3.38,3,0.0882,32
2026-06-17,General Surgery,30,0.6854,21.3,3.99,3877.2,3.38,3,0.0882,32
2026-06-18,General Surgery,31,0.6759,19.7,3.98,3829.41,3.33,2,0.0844,32
2026-06-19,General Surgery,32,0.6944,22.7,4.01,3922.08,3.42,3,0.0918,32
2026-06-20,General Surgery,33,0.6509,19.3,4.0,3854.26,3.35,2,0.0863,32
2026-06-21,General Surgery,34,0.6368,17.1,3.98,3784.01,3.28,2,0.0807,32
2026-06-22,General Surgery,35,0.6859,21.3,3.99,3879.6,3.38,3,0.0884,32
2026-06-23,General Surgery,36,0.6887,21.8,4.0,3893.53,3.39,3,0.0895,32
2026-06-24,General Surgery,37,0.6763,19.8,3.98,3831.4,3.33,2,0.0845,32
2026-06-25,General Surgery,38,0.6936,22.6,4.01,3918.11,3.42,3,0.0914,32
2026-06-26,General Surgery,39,0.6933,22.5,4.0,3916.44,3.42,3,0.0913,32
2026-06-27,General Surgery,40,0.6701,22.4,4.03,3950.5,3.45,4,0.094,32
2026-06-28,General Surgery,41,0.6674,22.0,4.02,3936.99,3.44,3,0.093,32
2026-06-29,General Surgery,42,0.6976,23.2,4.01,3938.11,3.44,4,0.093,32
2026-06-30,General Surgery,43,0.6808,20.5,3.99,3854.05,3.35,2,0.0863,32
2026-07-01,General Surgery,44,0.7044,24.3,4.02,3971.86,3.47,4,0.0957,32
2026-07-02,General Surgery,45,0.6925,22.4,4.0,3912.29,3.41,3,0.091,32
2026-07-03,General Surgery,46,0.6866,21.5,4.0,3882.85,3.38,3,0.0886,32
2026-07-04,General Surgery,47,0.6663,21.8,4.02,3931.5,3.43,3,0.0925,32
2026-07-05,General Surgery,48,0.653,19.7,4.0,3865.16,3.37,3,0.0872,32
2026-07-06,General Surgery,49,0.6906,22.1,4.0,3903.18,3.4,3,0.0903,32
2026-07-07,General Surgery,50,0.7018,23.9,4.02,3959.18,3.46,4,0.0947,32
2026-07-08,General Surgery,51,0.7093,25.1,4.03,3996.6,3.5,4,0.0977,32
2026-07-09,General Surgery,52,0.7111,25.4,4.03,4005.26,3.51,4,0.0984,32
2026-07-10,General Surgery,53,0.6902,22.0,4.0,3900.91,3.4,3,0.0901,32
2026-07-11,General Surgery,54,0.661,21.0,4.01,3905.07,3.41,3,0.0904,32
2026-07-12,General Surgery,55,0.675,23.2,4.03,3974.97,3.47,4,0.096,32
2026-07-13,General Surgery,56,0.6807,20.5,3.99,3853.61,3.35,2,0.0863,32
2026-07-14,General Surgery,57,0.7069,24.7,4.02,3984.35,3.48,4,0.0967,32
2026-07-15,General Surgery,58,0.6897,22.0,4.0,3898.54,3.4,3,0.0899,32
2026-07-16,General Surgery,59,0.6708,18.9,3.97,3803.96,3.3,2,0.0823,32
2026-07-17,General Surgery,60,0.6686,18.6,3.97,3793.01,3.29,2,0.0814,32
2026-07-18,General Surgery,61,0.6771,23.5,4.04,3985.5,3.49,4,0.0968,32
2026-07-19,General Surgery,62,0.6378,17.2,3.98,3788.89,3.29,2,0.0811,32
2026-07-20,General Surgery,63,0.679,20.2,3.98,3845.15,3.35,2,0.0856,32
2026-07-21,General Surgery,64,0.6817,20.7,3.99,3858.53,3.36,3,0.0867,32
2026-07-22,General Surgery,65,0.6736,19.4,3.98,3818.25,3.32,2,0.0835,32
2026-07-23,General Surgery,66,0.6807,20.5,3.99,3853.47,3.35,2,0.0863,32
2026-07-24,General Surgery,67,0.7021,23.9,4.02,3960.67,3.46,4,0.0949,32
2026-07-25,General Surgery,68,0.6357,16.9,3.98,3778.67,3.28,2,0.0803,32
2026-07-26,General Surgery,69,0.6764,23.4,4.03,3981.79,3.48,4,0.0965,32
2026-07-27,General Surgery,70,0.7078,24.9,4.02,3989.14,3.49,4,0.0971,32
2026-07-28,General Surgery,71,0.6836,21.0,3.99,3868.07,3.37,3,0.0874,32
2026-07-29,General Surgery,72,0.6727,19.2,3.98,3813.4,3.31,2,0.0831,32
2026-07-30,General Surgery,73,0.695,22.8,4.01,3925.21,3.43,3,0.092,32
2026-07-31,General Surgery,74,0.671,19.0,3.97,3804.92,3.3,2,0.0824,32
2026-08-01,General Surgery,75,0.6532,19.7,4.0,3866.23,3.37,3,0.0873,32
2026-08-02,General Surgery,76,0.6829,24.5,4.04,4014.61,3.51,4,0.0992,32
2026-08-03,General Surgery,77,0.7148,26.0,4.03,4023.87,3.52,5,0.0999,32
2026-08-04,General Surgery,78,0.7036,24.2,4.02,3968.03,3.47,4,0.0954,32
2026-08-05,General Surgery,79,0.6805,20.5,3.99,3852.74,3.35,2,0.0862,32
2026-08-06,General Surgery,80,0.6994,23.5,4.01,3946.92,3.45,4,0.0938,32
2026-08-07,General Surgery,81,0.7003,23.6,4.01,3951.35,3.45,4,0.0941,32
2026-08-08,General Surgery,82,0.6544,19.9,4.0,3871.96,3.37,3,0.0878,32
2026-08-09,General Surgery,83,0.667,21.9,4.02,3935.22,3.44,3,0.0928,32
2026-08-10,General Surgery,84,0.6655,18.1,3.97,3777.68,3.28,2,0.0802,32
2026-08-11,General Surgery,85,0.6755,19.7,3.98,3827.26,3.33,2,0.0842,32
2026-08-12,General Surgery,86,0.6913,22.2,4.0,3906.27,3.41,3,0.0905,32
2026-08-13,General Surgery,87,0.6732,19.3,3.98,3815.94,3.32,2,0.0833,32
2026-08-14,General Surgery,88,0.6733,19.3,3.98,3816.48,3.32,2,0.0833,32
2026-08-15,General Surgery,89,0.6768,23.5,4.04,3984.08,3.48,4,0.0967,32
